action_id,product,product_url,target,target_url,channel,audience,exact_action,contact_person,contact_route,search_intent,content_angle,priority,status,cost,prerequisites,evidence_url,live_result_url,visits,starts,completions,shares,return_users,feedback,notes
A001,Clarity Belongs,https://claritybelongs.com/,Product Hunt,https://www.producthunt.com/launch,product discovery,"makers, developers, early adopters","Prepare and submit one Clarity Belongs launch after Priority 0 passes; use one service listing, not 15 monitor listings.",,Product Hunt launch form,,Tell Clarity what matters; Clarity keeps an eye on public information.,P1,Mapped,free,Priority 0 readiness; launch media; maker account,https://www.producthunt.com/launch,,,,,,,,
A002,Clarity Belongs,https://claritybelongs.com/,AlternativeTo,https://alternativeto.net/,software directory,people comparing monitoring tools,"Use Suggest new application to add Clarity once, with truthful alternatives and the free-only launch state.",,Suggest new application,,website change monitor alternative,"One service with history across change, uptime, TLS and DNS watches.",P1,Mapped,free,Priority 0 readiness; verified email,https://alternativeto.net/faq/,,,,,,,,
A003,Clarity Belongs,https://claritybelongs.com/,SaaSHub,https://www.saashub.com/services/submit,software directory,SaaS/tool discovery users,Submit Clarity as a released web monitoring service and include real competitors for review context.,,submission form,,website monitoring software,Public-source monitoring with durable evidence and history.,P1,Mapped,free,Priority 0 readiness; released production service,https://www.saashub.com/services/submit,,,,,,,,
A004,Clarity Belongs,https://claritybelongs.com/,IndieNeed,https://www.indieneed.com/submit,indie product directory,early adopters and indie makers,"Submit Clarity with a concrete problem statement, target user, and request for testers/feedback after production QA.",Rahul Ajmera,submission form,,stop manually rechecking public pages,Early independent monitoring service seeking first real users.,P1,Mapped,free,Priority 0 readiness,https://www.indieneed.com/submit,,,,,,,,
A005,Clarity Belongs,https://claritybelongs.com/,10015 Product Finder,https://10015.io/product-finder/submit,software directory,makers and developers,Submit the production URL to the free review queue; do not pay for priority review during the first learning cycle.,,submission form,,website monitoring tool,Simple monitoring with source history rather than a giant observability suite.,P2,Mapped,free,Priority 0 readiness,https://10015.io/product-finder/submit,,,,,,,,
A006,Clarity Belongs,https://claritybelongs.com/,Founders Today,https://founderstoday.org/launches/submit,startup discovery,founders and early adopters,Use a free launch slot after initial production QA; track it as a separate UTM campaign.,,launch submission,,monitor public information changes,Independent monitoring service built around evidence/history.,P2,Mapped,free,Priority 0 readiness,https://founderstoday.org/launches/submit,,,,,,,,
A007,Clarity Belongs,https://claritybelongs.com/,Hacker News Show HN,https://news.ycombinator.com/showhn.html,maker/community launch,developers and technical founders,Post a Show HN only after a stranger can immediately try Clarity; stay present to answer technical questions and disclose limitations.,,Show HN post,,website monitoring service,What I built to stop repeatedly checking public pages and keep evidence of change.,P1,Mapped,free,Priority 0 readiness; live product; technical write-up,https://news.ycombinator.com/showhn.html,,,,,,,,
A008,Clarity Belongs,https://claritybelongs.com/,r/devops weekly self-promotion thread,https://www.reddit.com/r/devops/,community,DevOps practitioners,Use the current weekly self-promotion thread for a feedback-oriented post about the technical watches; disclose affiliation and ask about missing operational evidence.,,weekly thread,,uptime DNS TLS monitoring,Small public-endpoint monitoring with change/recovery history.,P1,Mapped,free,Recheck current thread/rules; Priority 0 readiness,https://www.reddit.com/r/devops/comments/1wfvo9y/weekly_self_promotion_thread/,,,,,,,,
A009,Clarity Belongs,https://claritybelongs.com/learn,Search / Learn,https://claritybelongs.com/learn,owned search,people actively searching monitoring problems,Connect each high-intent Learn guide to the matching watch and measure search landing -> follow start -> follow created -> return.,,owned site,website change monitoring; uptime; SSL; DNS; email DNS,Teach the exact monitoring problem before asking for signup.,P0,Ready,free,first-party funnel attribution,https://claritybelongs.com/sitemap.xml,,,,,,,,
A010,Website Change Monitor,https://claritybelongs.com/products/website-change,Clarity Learn,https://claritybelongs.com/learn,owned content,searchers with the exact monitoring problem,"Create or refine one high-intent guide for ""website change monitor"" and link it directly to this watch workflow.",,owned site,website change monitor,Show a real before/after page change with timestamped evidence.,P1,Mapped,free,claim/implementation QA; analytics,https://claritybelongs.com/sitemap.xml,,,,,,,,
A011,Website Change Monitor,https://claritybelongs.com/products/website-change,Demo asset,https://claritybelongs.com/,owned content,prospective users evaluating usefulness,"Create one reproducible public demo for Website Change Monitor: baseline, changed/failure state, recovery or new state, and history screenshot.",,owned site,website change monitor,Show a real before/after page change with timestamped evidence.,P1,Mapped,free,clean demo target; screenshot/share asset; privacy review,https://claritybelongs.com/,,,,,,,,
A012,Website Uptime Monitor,https://claritybelongs.com/products/website-uptime,Clarity Learn,https://claritybelongs.com/learn,owned content,searchers with the exact monitoring problem,"Create or refine one high-intent guide for ""website uptime monitor"" and link it directly to this watch workflow.",,owned site,website uptime monitor,Show outage then recovery without implying root cause.,P1,Mapped,free,claim/implementation QA; analytics,https://claritybelongs.com/sitemap.xml,,,,,,,,
A013,Website Uptime Monitor,https://claritybelongs.com/products/website-uptime,Demo asset,https://claritybelongs.com/,owned content,prospective users evaluating usefulness,"Create one reproducible public demo for Website Uptime Monitor: baseline, changed/failure state, recovery or new state, and history screenshot.",,owned site,website uptime monitor,Show outage then recovery without implying root cause.,P1,Mapped,free,clean demo target; screenshot/share asset; privacy review,https://claritybelongs.com/,,,,,,,,
A014,HTTP Status Monitor,https://claritybelongs.com/products/http-status,Clarity Learn,https://claritybelongs.com/learn,owned content,searchers with the exact monitoring problem,"Create or refine one high-intent guide for ""monitor HTTP status code"" and link it directly to this watch workflow.",,owned site,monitor HTTP status code,Show 200 -> 500 -> recovery history for a safe demo endpoint.,P1,Mapped,free,claim/implementation QA; analytics,https://claritybelongs.com/sitemap.xml,,,,,,,,
A015,HTTP Status Monitor,https://claritybelongs.com/products/http-status,Demo asset,https://claritybelongs.com/,owned content,prospective users evaluating usefulness,"Create one reproducible public demo for HTTP Status Monitor: baseline, changed/failure state, recovery or new state, and history screenshot.",,owned site,monitor HTTP status code,Show 200 -> 500 -> recovery history for a safe demo endpoint.,P1,Mapped,free,clean demo target; screenshot/share asset; privacy review,https://claritybelongs.com/,,,,,,,,
A016,Redirect Destination Monitor,https://claritybelongs.com/products/redirect-chain,Clarity Learn,https://claritybelongs.com/learn,owned content,searchers with the exact monitoring problem,"Create or refine one high-intent guide for ""monitor redirect destination"" and link it directly to this watch workflow.",,owned site,monitor redirect destination,Show a starting URL whose final destination changes.,P1,Mapped,free,claim/implementation QA; analytics,https://claritybelongs.com/sitemap.xml,,,,,,,,
A017,Redirect Destination Monitor,https://claritybelongs.com/products/redirect-chain,Demo asset,https://claritybelongs.com/,owned content,prospective users evaluating usefulness,"Create one reproducible public demo for Redirect Destination Monitor: baseline, changed/failure state, recovery or new state, and history screenshot.",,owned site,monitor redirect destination,Show a starting URL whose final destination changes.,P1,Mapped,free,clean demo target; screenshot/share asset; privacy review,https://claritybelongs.com/,,,,,,,,
A018,Broken Link Monitor,https://claritybelongs.com/products/broken-link,Clarity Learn,https://claritybelongs.com/learn,owned content,searchers with the exact monitoring problem,"Create or refine one high-intent guide for ""broken link monitor"" and link it directly to this watch workflow.",,owned site,broken link monitor,Show one important link fail and later recover.,P1,Mapped,free,claim/implementation QA; analytics,https://claritybelongs.com/sitemap.xml,,,,,,,,
A019,Broken Link Monitor,https://claritybelongs.com/products/broken-link,Demo asset,https://claritybelongs.com/,owned content,prospective users evaluating usefulness,"Create one reproducible public demo for Broken Link Monitor: baseline, changed/failure state, recovery or new state, and history screenshot.",,owned site,broken link monitor,Show one important link fail and later recover.,P1,Mapped,free,clean demo target; screenshot/share asset; privacy review,https://claritybelongs.com/,,,,,,,,
A020,SSL Expiration Monitor,https://claritybelongs.com/products/ssl-expiration,Clarity Learn,https://claritybelongs.com/learn,owned content,searchers with the exact monitoring problem,"Create or refine one high-intent guide for ""SSL expiration monitor"" and link it directly to this watch workflow.",,owned site,SSL expiration monitor,Show certificate identity and expiry date history.,P1,Mapped,free,claim/implementation QA; analytics,https://claritybelongs.com/sitemap.xml,,,,,,,,
A021,SSL Expiration Monitor,https://claritybelongs.com/products/ssl-expiration,Demo asset,https://claritybelongs.com/,owned content,prospective users evaluating usefulness,"Create one reproducible public demo for SSL Expiration Monitor: baseline, changed/failure state, recovery or new state, and history screenshot.",,owned site,SSL expiration monitor,Show certificate identity and expiry date history.,P1,Mapped,free,clean demo target; screenshot/share asset; privacy review,https://claritybelongs.com/,,,,,,,,
A022,Domain Expiration Monitor,https://claritybelongs.com/products/domain-expiration,Clarity Learn,https://claritybelongs.com/learn,owned content,searchers with the exact monitoring problem,"Create or refine one high-intent guide for ""domain expiration monitor"" and link it directly to this watch workflow.",,owned site,domain expiration monitor,Show public RDAP expiration evidence and limitations.,P1,Mapped,free,claim/implementation QA; analytics,https://claritybelongs.com/sitemap.xml,,,,,,,,
A023,Domain Expiration Monitor,https://claritybelongs.com/products/domain-expiration,Demo asset,https://claritybelongs.com/,owned content,prospective users evaluating usefulness,"Create one reproducible public demo for Domain Expiration Monitor: baseline, changed/failure state, recovery or new state, and history screenshot.",,owned site,domain expiration monitor,Show public RDAP expiration evidence and limitations.,P1,Mapped,free,clean demo target; screenshot/share asset; privacy review,https://claritybelongs.com/,,,,,,,,
A024,DNS Change Monitor,https://claritybelongs.com/products/dns-change,Clarity Learn,https://claritybelongs.com/learn,owned content,searchers with the exact monitoring problem,"Create or refine one high-intent guide for ""DNS change monitor"" and link it directly to this watch workflow.",,owned site,DNS change monitor,Show normalized address-set change across a migration.,P1,Mapped,free,claim/implementation QA; analytics,https://claritybelongs.com/sitemap.xml,,,,,,,,
A025,DNS Change Monitor,https://claritybelongs.com/products/dns-change,Demo asset,https://claritybelongs.com/,owned content,prospective users evaluating usefulness,"Create one reproducible public demo for DNS Change Monitor: baseline, changed/failure state, recovery or new state, and history screenshot.",,owned site,DNS change monitor,Show normalized address-set change across a migration.,P1,Mapped,free,clean demo target; screenshot/share asset; privacy review,https://claritybelongs.com/,,,,,,,,
A026,Nameserver Change Monitor,https://claritybelongs.com/products/nameserver-change,Clarity Learn,https://claritybelongs.com/learn,owned content,searchers with the exact monitoring problem,"Create or refine one high-intent guide for ""nameserver change monitor"" and link it directly to this watch workflow.",,owned site,nameserver change monitor,Show NS set before and after a provider migration.,P1,Mapped,free,claim/implementation QA; analytics,https://claritybelongs.com/sitemap.xml,,,,,,,,
A027,Nameserver Change Monitor,https://claritybelongs.com/products/nameserver-change,Demo asset,https://claritybelongs.com/,owned content,prospective users evaluating usefulness,"Create one reproducible public demo for Nameserver Change Monitor: baseline, changed/failure state, recovery or new state, and history screenshot.",,owned site,nameserver change monitor,Show NS set before and after a provider migration.,P1,Mapped,free,clean demo target; screenshot/share asset; privacy review,https://claritybelongs.com/,,,,,,,,
A028,MX Record Monitor,https://claritybelongs.com/products/mx-record,Clarity Learn,https://claritybelongs.com/learn,owned content,searchers with the exact monitoring problem,"Create or refine one high-intent guide for ""MX record monitor"" and link it directly to this watch workflow.",,owned site,MX record monitor,Show mail-routing record history during a provider change.,P1,Mapped,free,claim/implementation QA; analytics,https://claritybelongs.com/sitemap.xml,,,,,,,,
A029,MX Record Monitor,https://claritybelongs.com/products/mx-record,Demo asset,https://claritybelongs.com/,owned content,prospective users evaluating usefulness,"Create one reproducible public demo for MX Record Monitor: baseline, changed/failure state, recovery or new state, and history screenshot.",,owned site,MX record monitor,Show mail-routing record history during a provider change.,P1,Mapped,free,clean demo target; screenshot/share asset; privacy review,https://claritybelongs.com/,,,,,,,,
A030,SPF Record Monitor,https://claritybelongs.com/products/spf-record,Clarity Learn,https://claritybelongs.com/learn,owned content,searchers with the exact monitoring problem,"Create or refine one high-intent guide for ""SPF record monitor"" and link it directly to this watch workflow.",,owned site,SPF record monitor,Show SPF-related TXT evidence changing during ESP setup.,P1,Mapped,free,claim/implementation QA; analytics,https://claritybelongs.com/sitemap.xml,,,,,,,,
A031,SPF Record Monitor,https://claritybelongs.com/products/spf-record,Demo asset,https://claritybelongs.com/,owned content,prospective users evaluating usefulness,"Create one reproducible public demo for SPF Record Monitor: baseline, changed/failure state, recovery or new state, and history screenshot.",,owned site,SPF record monitor,Show SPF-related TXT evidence changing during ESP setup.,P1,Mapped,free,clean demo target; screenshot/share asset; privacy review,https://claritybelongs.com/,,,,,,,,
A032,DKIM Record Monitor,https://claritybelongs.com/products/dkim-record,Clarity Learn,https://claritybelongs.com/learn,owned content,searchers with the exact monitoring problem,"Create or refine one high-intent guide for ""DKIM record monitor"" and link it directly to this watch workflow.",,owned site,DKIM record monitor,Show a selector key rotation as public DNS history.,P1,Mapped,free,claim/implementation QA; analytics,https://claritybelongs.com/sitemap.xml,,,,,,,,
A033,DKIM Record Monitor,https://claritybelongs.com/products/dkim-record,Demo asset,https://claritybelongs.com/,owned content,prospective users evaluating usefulness,"Create one reproducible public demo for DKIM Record Monitor: baseline, changed/failure state, recovery or new state, and history screenshot.",,owned site,DKIM record monitor,Show a selector key rotation as public DNS history.,P1,Mapped,free,clean demo target; screenshot/share asset; privacy review,https://claritybelongs.com/,,,,,,,,
A034,DMARC Record Monitor,https://claritybelongs.com/products/dmarc-record,Clarity Learn,https://claritybelongs.com/learn,owned content,searchers with the exact monitoring problem,"Create or refine one high-intent guide for ""DMARC record monitor"" and link it directly to this watch workflow.",,owned site,DMARC record monitor,Show a DMARC policy record change without judging deliverability.,P1,Mapped,free,claim/implementation QA; analytics,https://claritybelongs.com/sitemap.xml,,,,,,,,
A035,DMARC Record Monitor,https://claritybelongs.com/products/dmarc-record,Demo asset,https://claritybelongs.com/,owned content,prospective users evaluating usefulness,"Create one reproducible public demo for DMARC Record Monitor: baseline, changed/failure state, recovery or new state, and history screenshot.",,owned site,DMARC record monitor,Show a DMARC policy record change without judging deliverability.,P1,Mapped,free,clean demo target; screenshot/share asset; privacy review,https://claritybelongs.com/,,,,,,,,
A036,API Endpoint Uptime Monitor,https://claritybelongs.com/products/api-endpoint-uptime,Clarity Learn,https://claritybelongs.com/learn,owned content,searchers with the exact monitoring problem,"Create or refine one high-intent guide for ""API uptime monitor"" and link it directly to this watch workflow.",,owned site,API uptime monitor,Show a public health endpoint outage and recovery.,P1,Mapped,free,claim/implementation QA; analytics,https://claritybelongs.com/sitemap.xml,,,,,,,,
A037,API Endpoint Uptime Monitor,https://claritybelongs.com/products/api-endpoint-uptime,Demo asset,https://claritybelongs.com/,owned content,prospective users evaluating usefulness,"Create one reproducible public demo for API Endpoint Uptime Monitor: baseline, changed/failure state, recovery or new state, and history screenshot.",,owned site,API uptime monitor,Show a public health endpoint outage and recovery.,P1,Mapped,free,clean demo target; screenshot/share asset; privacy review,https://claritybelongs.com/,,,,,,,,
A038,Service Outage Monitor,https://claritybelongs.com/products/service-outage,Clarity Learn,https://claritybelongs.com/learn,owned content,searchers with the exact monitoring problem,"Create or refine one high-intent guide for ""service outage monitor"" and link it directly to this watch workflow.",,owned site,service outage monitor,Show independent public endpoint availability history.,P1,Mapped,free,claim/implementation QA; analytics,https://claritybelongs.com/sitemap.xml,,,,,,,,
A039,Service Outage Monitor,https://claritybelongs.com/products/service-outage,Demo asset,https://claritybelongs.com/,owned content,prospective users evaluating usefulness,"Create one reproducible public demo for Service Outage Monitor: baseline, changed/failure state, recovery or new state, and history screenshot.",,owned site,service outage monitor,Show independent public endpoint availability history.,P1,Mapped,free,clean demo target; screenshot/share asset; privacy review,https://claritybelongs.com/,,,,,,,,